<?xml version="1.0" encoding="UTF-8"?><?xml-stylesheet type='text/xsl' href='_UpgradeReport_Files/UpgradeReport.xslt'?><UpgradeLog>
<Properties><Property Name="Solution" Value="Project_IDEALTAKE">
</Property><Property Name="Fichier solution" Value="G:\PROJET IDEALTAKE 2011\Project_IDEALTAKE.sln">
</Property><Property Name="Fichier d'options utilisateur" Value="G:\PROJET IDEALTAKE 2011\Project_IDEALTAKE.suo">
</Property><Property Name="Date" Value="vendredi 8 avril 2011">
</Property><Property Name="Time" Value="00:04">
</Property></Properties><Event ErrorLevel="0" Project="" Source="Project_IDEALTAKE.sln" Description="Fichier correctement sauvegardé en tant que G:\PROJET IDEALTAKE 2011\Backup\Project_IDEALTAKE.sln">
</Event><Event ErrorLevel="0" Project="" Source="Project_IDEALTAKE.suo" Description="Fichier correctement sauvegardé en tant que G:\PROJET IDEALTAKE 2011\Backup\Project_IDEALTAKE.suo">
</Event><Event ErrorLevel="0" Project="IDEALTAKE" Source="Project_IDEALTAKE\IDEALTAKE.vbproj" Description="Fichier projet correctement sauvegardé en tant que G:\PROJET IDEALTAKE 2011\Backup\Project_IDEALTAKE\IDEALTAKE.vbproj">
</Event><Event ErrorLevel="0" Project="IDEALTAKE" Source="Project_IDEALTAKE\IDEALTAKE.vbproj.user" Description="Fichier utilisateur de projet correctement sauvegardé en tant que G:\PROJET IDEALTAKE 2011\Backup\Project_IDEALTAKE\IDEALTAKE.vbproj.user">
</Event><Event ErrorLevel="0" Project="IDEALTAKE" Source="Project_IDEALTAKE\Ajout_Suppresion_connexion_base.Designer.vb" Description="Fichier correctement sauvegardé en tant que G:\PROJET IDEALTAKE 2011\Backup\Project_IDEALTAKE\Ajout_Suppresion_connexion_base.Designer.vb">
</Event><Event ErrorLevel="0" Project="IDEALTAKE" Source="Project_IDEALTAKE\Ajout_Suppresion_connexion_base.vb" Description="Fichier correctement sauvegardé en tant que G:\PROJET IDEALTAKE 2011\Backup\Project_IDEALTAKE\Ajout_Suppresion_connexion_base.vb">
</Event><Event ErrorLevel="0" Project="IDEALTAKE" Source="Project_IDEALTAKE\ApplicationEvents.vb" Description="Fichier correctement sauvegardé en tant que G:\PROJET IDEALTAKE 2011\Backup\Project_IDEALTAKE\ApplicationEvents.vb">
</Event><Event ErrorLevel="0" Project="IDEALTAKE" Source="Project_IDEALTAKE\CryptoUtil.vb" Description="Fichier correctement sauvegardé en tant que G:\PROJET IDEALTAKE 2011\Backup\Project_IDEALTAKE\CryptoUtil.vb">
</Event><Event ErrorLevel="0" Project="IDEALTAKE" Source="Project_IDEALTAKE\Form_Demarrage.Designer.vb" Description="Fichier correctement sauvegardé en tant que G:\PROJET IDEALTAKE 2011\Backup\Project_IDEALTAKE\Form_Demarrage.Designer.vb">
</Event><Event ErrorLevel="0" Project="IDEALTAKE" Source="Project_IDEALTAKE\Form_Demarrage.vb" Description="Fichier correctement sauvegardé en tant que G:\PROJET IDEALTAKE 2011\Backup\Project_IDEALTAKE\Form_Demarrage.vb">
</Event><Event ErrorLevel="0" Project="IDEALTAKE" Source="Project_IDEALTAKE\Logiciel de dessin\logiciel_dessin.Designer.vb" Description="Fichier correctement sauvegardé en tant que G:\PROJET IDEALTAKE 2011\Backup\Project_IDEALTAKE\Logiciel de dessin\logiciel_dessin.Designer.vb">
</Event><Event ErrorLevel="0" Project="IDEALTAKE" Source="Project_IDEALTAKE\Logiciel de dessin\logiciel_dessin.vb" Description="Fichier correctement sauvegardé en tant que G:\PROJET IDEALTAKE 2011\Backup\Project_IDEALTAKE\Logiciel de dessin\logiciel_dessin.vb">
</Event><Event ErrorLevel="0" Project="IDEALTAKE" Source="Project_IDEALTAKE\LoginForm1.Designer.vb" Description="Fichier correctement sauvegardé en tant que G:\PROJET IDEALTAKE 2011\Backup\Project_IDEALTAKE\LoginForm1.Designer.vb">
</Event><Event ErrorLevel="0" Project="IDEALTAKE" Source="Project_IDEALTAKE\LoginForm1.vb" Description="Fichier correctement sauvegardé en tant que G:\PROJET IDEALTAKE 2011\Backup\Project_IDEALTAKE\LoginForm1.vb">
</Event><Event ErrorLevel="0" Project="IDEALTAKE" Source="Project_IDEALTAKE\My Project\AssemblyInfo.vb" Description="Fichier correctement sauvegardé en tant que G:\PROJET IDEALTAKE 2011\Backup\Project_IDEALTAKE\My Project\AssemblyInfo.vb">
</Event><Event ErrorLevel="0" Project="IDEALTAKE" Source="Project_IDEALTAKE\My Project\Application.Designer.vb" Description="Fichier correctement sauvegardé en tant que G:\PROJET IDEALTAKE 2011\Backup\Project_IDEALTAKE\My Project\Application.Designer.vb">
</Event><Event ErrorLevel="0" Project="IDEALTAKE" Source="Project_IDEALTAKE\My Project\Resources.Designer.vb" Description="Fichier correctement sauvegardé en tant que G:\PROJET IDEALTAKE 2011\Backup\Project_IDEALTAKE\My Project\Resources.Designer.vb">
</Event><Event ErrorLevel="0" Project="IDEALTAKE" Source="Project_IDEALTAKE\My Project\Settings.Designer.vb" Description="Fichier correctement sauvegardé en tant que G:\PROJET IDEALTAKE 2011\Backup\Project_IDEALTAKE\My Project\Settings.Designer.vb">
</Event><Event ErrorLevel="0" Project="IDEALTAKE" Source="Project_IDEALTAKE\Parametres.Designer.vb" Description="Fichier correctement sauvegardé en tant que G:\PROJET IDEALTAKE 2011\Backup\Project_IDEALTAKE\Parametres.Designer.vb">
</Event><Event ErrorLevel="0" Project="IDEALTAKE" Source="Project_IDEALTAKE\Parametres.vb" Description="Fichier correctement sauvegardé en tant que G:\PROJET IDEALTAKE 2011\Backup\Project_IDEALTAKE\Parametres.vb">
</Event><Event ErrorLevel="0" Project="IDEALTAKE" Source="Project_IDEALTAKE\Question_Box.Designer.vb" Description="Fichier correctement sauvegardé en tant que G:\PROJET IDEALTAKE 2011\Backup\Project_IDEALTAKE\Question_Box.Designer.vb">
</Event><Event ErrorLevel="0" Project="IDEALTAKE" Source="Project_IDEALTAKE\Question_Box.vb" Description="Fichier correctement sauvegardé en tant que G:\PROJET IDEALTAKE 2011\Backup\Project_IDEALTAKE\Question_Box.vb">
</Event><Event ErrorLevel="0" Project="IDEALTAKE" Source="Project_IDEALTAKE\Settings.vb" Description="Fichier correctement sauvegardé en tant que G:\PROJET IDEALTAKE 2011\Backup\Project_IDEALTAKE\Settings.vb">
</Event><Event ErrorLevel="0" Project="IDEALTAKE" Source="Project_IDEALTAKE\Attente_Chargement.Designer.vb" Description="Fichier correctement sauvegardé en tant que G:\PROJET IDEALTAKE 2011\Backup\Project_IDEALTAKE\Attente_Chargement.Designer.vb">
</Event><Event ErrorLevel="0" Project="IDEALTAKE" Source="Project_IDEALTAKE\Attente_Chargement.vb" Description="Fichier correctement sauvegardé en tant que G:\PROJET IDEALTAKE 2011\Backup\Project_IDEALTAKE\Attente_Chargement.vb">
</Event><Event ErrorLevel="0" Project="IDEALTAKE" Source="Project_IDEALTAKE\Test_SAPI5.Designer.vb" Description="Fichier correctement sauvegardé en tant que G:\PROJET IDEALTAKE 2011\Backup\Project_IDEALTAKE\Test_SAPI5.Designer.vb">
</Event><Event ErrorLevel="0" Project="IDEALTAKE" Source="Project_IDEALTAKE\Test_SAPI5.vb" Description="Fichier correctement sauvegardé en tant que G:\PROJET IDEALTAKE 2011\Backup\Project_IDEALTAKE\Test_SAPI5.vb">
</Event><Event ErrorLevel="0" Project="IDEALTAKE" Source="Project_IDEALTAKE\UserControl1.Designer.vb" Description="Fichier correctement sauvegardé en tant que G:\PROJET IDEALTAKE 2011\Backup\Project_IDEALTAKE\UserControl1.Designer.vb">
</Event><Event ErrorLevel="0" Project="IDEALTAKE" Source="Project_IDEALTAKE\UserControl1.vb" Description="Fichier correctement sauvegardé en tant que G:\PROJET IDEALTAKE 2011\Backup\Project_IDEALTAKE\UserControl1.vb">
</Event><Event ErrorLevel="0" Project="IDEALTAKE" Source="Project_IDEALTAKE\app.config" Description="Fichier correctement sauvegardé en tant que G:\PROJET IDEALTAKE 2011\Backup\Project_IDEALTAKE\app.config">
</Event><Event ErrorLevel="0" Project="IDEALTAKE" Source="Project_IDEALTAKE\My Project\Application.myapp" Description="Fichier correctement sauvegardé en tant que G:\PROJET IDEALTAKE 2011\Backup\Project_IDEALTAKE\My Project\Application.myapp">
</Event><Event ErrorLevel="0" Project="IDEALTAKE" Source="Project_IDEALTAKE\My Project\Settings.settings" Description="Fichier correctement sauvegardé en tant que G:\PROJET IDEALTAKE 2011\Backup\Project_IDEALTAKE\My Project\Settings.settings">
</Event><Event ErrorLevel="0" Project="IDEALTAKE" Source="Project_IDEALTAKE\Resources\bouton_nue.bmp" Description="Fichier correctement sauvegardé en tant que G:\PROJET IDEALTAKE 2011\Backup\Project_IDEALTAKE\Resources\bouton_nue.bmp">
</Event><Event ErrorLevel="0" Project="IDEALTAKE" Source="Project_IDEALTAKE\Resources\Flèche_verte_pointant_vers_le_bas_v4_11x13.bmp" Description="Fichier correctement sauvegardé en tant que G:\PROJET IDEALTAKE 2011\Backup\Project_IDEALTAKE\Resources\Flèche_verte_pointant_vers_le_bas_v4_11x13.bmp">
</Event><Event ErrorLevel="0" Project="IDEALTAKE" Source="Project_IDEALTAKE\Resources\FOND_LOGIN_FORM_V0.jpg" Description="Fichier correctement sauvegardé en tant que G:\PROJET IDEALTAKE 2011\Backup\Project_IDEALTAKE\Resources\FOND_LOGIN_FORM_V0.jpg">
</Event><Event ErrorLevel="0" Project="IDEALTAKE" Source="Project_IDEALTAKE\Resources\Réinitialiser_V11.png" Description="Fichier correctement sauvegardé en tant que G:\PROJET IDEALTAKE 2011\Backup\Project_IDEALTAKE\Resources\Réinitialiser_V11.png">
</Event><Event ErrorLevel="0" Project="IDEALTAKE" Source="Project_IDEALTAKE\ClassDiagram.cd" Description="Fichier correctement sauvegardé en tant que G:\PROJET IDEALTAKE 2011\Backup\Project_IDEALTAKE\ClassDiagram.cd">
</Event><Event ErrorLevel="0" Project="IDEALTAKE" Source="Project_IDEALTAKE\My Project\DataSources\CLASS_IDEALTAKE.CLASS_IDEALTAKE.Objects.constructeur.datasource" Description="Fichier correctement sauvegardé en tant que G:\PROJET IDEALTAKE 2011\Backup\Project_IDEALTAKE\My Project\DataSources\CLASS_IDEALTAKE.CLASS_IDEALTAKE.Objects.constructeur.datasource">
</Event><Event ErrorLevel="0" Project="IDEALTAKE" Source="Project_IDEALTAKE\My Project\DataSources\IDEALTAKE.My.MySettings.datasource" Description="Fichier correctement sauvegardé en tant que G:\PROJET IDEALTAKE 2011\Backup\Project_IDEALTAKE\My Project\DataSources\IDEALTAKE.My.MySettings.datasource">
</Event><Event ErrorLevel="0" Project="IDEALTAKE" Source="Project_IDEALTAKE\Resources\LOGO_1_ter.JPG" Description="Fichier correctement sauvegardé en tant que G:\PROJET IDEALTAKE 2011\Backup\Project_IDEALTAKE\Resources\LOGO_1_ter.JPG">
</Event><Event ErrorLevel="0" Project="IDEALTAKE" Source="Project_IDEALTAKE\Resources\cp_haut_ecran.jpg" Description="Fichier correctement sauvegardé en tant que G:\PROJET IDEALTAKE 2011\Backup\Project_IDEALTAKE\Resources\cp_haut_ecran.jpg">
</Event><Event ErrorLevel="0" Project="IDEALTAKE" Source="Project_IDEALTAKE\Resources\Texture100_100_5.jpg" Description="Fichier correctement sauvegardé en tant que G:\PROJET IDEALTAKE 2011\Backup\Project_IDEALTAKE\Resources\Texture100_100_5.jpg">
</Event><Event ErrorLevel="0" Project="IDEALTAKE" Source="Project_IDEALTAKE\Resources\Texture100_100_4.jpg" Description="Fichier correctement sauvegardé en tant que G:\PROJET IDEALTAKE 2011\Backup\Project_IDEALTAKE\Resources\Texture100_100_4.jpg">
</Event><Event ErrorLevel="0" Project="IDEALTAKE" Source="Project_IDEALTAKE\Resources\Texture100_100_3.jpg" Description="Fichier correctement sauvegardé en tant que G:\PROJET IDEALTAKE 2011\Backup\Project_IDEALTAKE\Resources\Texture100_100_3.jpg">
</Event><Event ErrorLevel="0" Project="IDEALTAKE" Source="Project_IDEALTAKE\Resources\Texture100_100_2.jpg" Description="Fichier correctement sauvegardé en tant que G:\PROJET IDEALTAKE 2011\Backup\Project_IDEALTAKE\Resources\Texture100_100_2.jpg">
</Event><Event ErrorLevel="0" Project="IDEALTAKE" Source="Project_IDEALTAKE\Resources\Texture100_100_6.jpg" Description="Fichier correctement sauvegardé en tant que G:\PROJET IDEALTAKE 2011\Backup\Project_IDEALTAKE\Resources\Texture100_100_6.jpg">
</Event><Event ErrorLevel="0" Project="IDEALTAKE" Source="Project_IDEALTAKE\Resources\Texture100_100_1.jpg" Description="Fichier correctement sauvegardé en tant que G:\PROJET IDEALTAKE 2011\Backup\Project_IDEALTAKE\Resources\Texture100_100_1.jpg">
</Event><Event ErrorLevel="0" Project="IDEALTAKE" Source="Project_IDEALTAKE\Resources\Pict0026j.jpg" Description="Fichier correctement sauvegardé en tant que G:\PROJET IDEALTAKE 2011\Backup\Project_IDEALTAKE\Resources\Pict0026j.jpg">
</Event><Event ErrorLevel="0" Project="IDEALTAKE" Source="Project_IDEALTAKE\Resources\Pict0025j.jpg" Description="Fichier correctement sauvegardé en tant que G:\PROJET IDEALTAKE 2011\Backup\Project_IDEALTAKE\Resources\Pict0025j.jpg">
</Event><Event ErrorLevel="0" Project="IDEALTAKE" Source="Project_IDEALTAKE\Resources\Pict0024j.jpg" Description="Fichier correctement sauvegardé en tant que G:\PROJET IDEALTAKE 2011\Backup\Project_IDEALTAKE\Resources\Pict0024j.jpg">
</Event><Event ErrorLevel="0" Project="IDEALTAKE" Source="Project_IDEALTAKE\Resources\Pict0023j.jpg" Description="Fichier correctement sauvegardé en tant que G:\PROJET IDEALTAKE 2011\Backup\Project_IDEALTAKE\Resources\Pict0023j.jpg">
</Event><Event ErrorLevel="0" Project="IDEALTAKE" Source="Project_IDEALTAKE\Resources\Pict0021j.jpg" Description="Fichier correctement sauvegardé en tant que G:\PROJET IDEALTAKE 2011\Backup\Project_IDEALTAKE\Resources\Pict0021j.jpg">
</Event><Event ErrorLevel="0" Project="IDEALTAKE" Source="Project_IDEALTAKE\Resources\Pict0022j.jpg" Description="Fichier correctement sauvegardé en tant que G:\PROJET IDEALTAKE 2011\Backup\Project_IDEALTAKE\Resources\Pict0022j.jpg">
</Event><Event ErrorLevel="0" Project="IDEALTAKE" Source="Project_IDEALTAKE\Resources\Pict0020j.jpg" Description="Fichier correctement sauvegardé en tant que G:\PROJET IDEALTAKE 2011\Backup\Project_IDEALTAKE\Resources\Pict0020j.jpg">
</Event><Event ErrorLevel="0" Project="IDEALTAKE" Source="Project_IDEALTAKE\Resources\Pict0019j.jpg" Description="Fichier correctement sauvegardé en tant que G:\PROJET IDEALTAKE 2011\Backup\Project_IDEALTAKE\Resources\Pict0019j.jpg">
</Event><Event ErrorLevel="0" Project="IDEALTAKE" Source="Project_IDEALTAKE\Resources\Pict0018j.jpg" Description="Fichier correctement sauvegardé en tant que G:\PROJET IDEALTAKE 2011\Backup\Project_IDEALTAKE\Resources\Pict0018j.jpg">
</Event><Event ErrorLevel="0" Project="IDEALTAKE" Source="Project_IDEALTAKE\Resources\fond_avancée21.jpg" Description="Fichier correctement sauvegardé en tant que G:\PROJET IDEALTAKE 2011\Backup\Project_IDEALTAKE\Resources\fond_avancée21.jpg">
</Event><Event ErrorLevel="0" Project="IDEALTAKE" Source="Project_IDEALTAKE\Resources\fond_avancée24.bmp" Description="Fichier correctement sauvegardé en tant que G:\PROJET IDEALTAKE 2011\Backup\Project_IDEALTAKE\Resources\fond_avancée24.bmp">
</Event><Event ErrorLevel="0" Project="IDEALTAKE" Source="Project_IDEALTAKE\Resources\imprimer.jpg" Description="Fichier correctement sauvegardé en tant que G:\PROJET IDEALTAKE 2011\Backup\Project_IDEALTAKE\Resources\imprimer.jpg">
</Event><Event ErrorLevel="0" Project="IDEALTAKE" Source="Project_IDEALTAKE\Resources\imprimer2.jpg" Description="Fichier correctement sauvegardé en tant que G:\PROJET IDEALTAKE 2011\Backup\Project_IDEALTAKE\Resources\imprimer2.jpg">
</Event><Event ErrorLevel="0" Project="IDEALTAKE" Source="Project_IDEALTAKE\Resources\effacer.jpg" Description="Fichier correctement sauvegardé en tant que G:\PROJET IDEALTAKE 2011\Backup\Project_IDEALTAKE\Resources\effacer.jpg">
</Event><Event ErrorLevel="0" Project="IDEALTAKE" Source="Project_IDEALTAKE\Resources\enregistrer3.jpg" Description="Fichier correctement sauvegardé en tant que G:\PROJET IDEALTAKE 2011\Backup\Project_IDEALTAKE\Resources\enregistrer3.jpg">
</Event><Event ErrorLevel="0" Project="IDEALTAKE" Source="Project_IDEALTAKE\Resources\lecture_base.jpg" Description="Fichier correctement sauvegardé en tant que G:\PROJET IDEALTAKE 2011\Backup\Project_IDEALTAKE\Resources\lecture_base.jpg">
</Event><Event ErrorLevel="0" Project="IDEALTAKE" Source="Project_IDEALTAKE\Resources\mysql_100x52-64.gif" Description="Fichier correctement sauvegardé en tant que G:\PROJET IDEALTAKE 2011\Backup\Project_IDEALTAKE\Resources\mysql_100x52-64.gif">
</Event><Event ErrorLevel="0" Project="IDEALTAKE" Source="Project_IDEALTAKE\Resources\Pict0017j.jpg" Description="Fichier correctement sauvegardé en tant que G:\PROJET IDEALTAKE 2011\Backup\Project_IDEALTAKE\Resources\Pict0017j.jpg">
</Event><Event ErrorLevel="0" Project="IDEALTAKE" Source="Project_IDEALTAKE\Resources\lecture_base_1-2.jpg" Description="Fichier correctement sauvegardé en tant que G:\PROJET IDEALTAKE 2011\Backup\Project_IDEALTAKE\Resources\lecture_base_1-2.jpg">
</Event><Event ErrorLevel="0" Project="IDEALTAKE" Source="Project_IDEALTAKE\CASE.ICO" Description="Fichier correctement sauvegardé en tant que G:\PROJET IDEALTAKE 2011\Backup\Project_IDEALTAKE\CASE.ICO">
</Event><Event ErrorLevel="0" Project="IDEALTAKE" Source="Project_IDEALTAKE\Resources\Flag_of_the_United_States.png" Description="Fichier correctement sauvegardé en tant que G:\PROJET IDEALTAKE 2011\Backup\Project_IDEALTAKE\Resources\Flag_of_the_United_States.png">
</Event><Event ErrorLevel="0" Project="IDEALTAKE" Source="Project_IDEALTAKE\Resources\Flag_of_Italy.png" Description="Fichier correctement sauvegardé en tant que G:\PROJET IDEALTAKE 2011\Backup\Project_IDEALTAKE\Resources\Flag_of_Italy.png">
</Event><Event ErrorLevel="0" Project="IDEALTAKE" Source="Project_IDEALTAKE\Resources\Flag_of_Germany.png" Description="Fichier correctement sauvegardé en tant que G:\PROJET IDEALTAKE 2011\Backup\Project_IDEALTAKE\Resources\Flag_of_Germany.png">
</Event><Event ErrorLevel="0" Project="IDEALTAKE" Source="Project_IDEALTAKE\Resources\Flag_of_France.png" Description="Fichier correctement sauvegardé en tant que G:\PROJET IDEALTAKE 2011\Backup\Project_IDEALTAKE\Resources\Flag_of_France.png">
</Event><Event ErrorLevel="0" Project="IDEALTAKE" Source="Project_IDEALTAKE\Resources\Flag_of_Spain.png" Description="Fichier correctement sauvegardé en tant que G:\PROJET IDEALTAKE 2011\Backup\Project_IDEALTAKE\Resources\Flag_of_Spain.png">
</Event><Event ErrorLevel="0" Project="IDEALTAKE" Source="Project_IDEALTAKE\Ajout_Suppresion_connexion_base.resx" Description="Fichier correctement sauvegardé en tant que G:\PROJET IDEALTAKE 2011\Backup\Project_IDEALTAKE\Ajout_Suppresion_connexion_base.resx">
</Event><Event ErrorLevel="0" Project="IDEALTAKE" Source="Project_IDEALTAKE\Form_Demarrage.resx" Description="Fichier correctement sauvegardé en tant que G:\PROJET IDEALTAKE 2011\Backup\Project_IDEALTAKE\Form_Demarrage.resx">
</Event><Event ErrorLevel="0" Project="IDEALTAKE" Source="Project_IDEALTAKE\Logiciel de dessin\logiciel_dessin.resx" Description="Fichier correctement sauvegardé en tant que G:\PROJET IDEALTAKE 2011\Backup\Project_IDEALTAKE\Logiciel de dessin\logiciel_dessin.resx">
</Event><Event ErrorLevel="0" Project="IDEALTAKE" Source="Project_IDEALTAKE\LoginForm1.resx" Description="Fichier correctement sauvegardé en tant que G:\PROJET IDEALTAKE 2011\Backup\Project_IDEALTAKE\LoginForm1.resx">
</Event><Event ErrorLevel="0" Project="IDEALTAKE" Source="Project_IDEALTAKE\My Project\Resources.resx" Description="Fichier correctement sauvegardé en tant que G:\PROJET IDEALTAKE 2011\Backup\Project_IDEALTAKE\My Project\Resources.resx">
</Event><Event ErrorLevel="0" Project="IDEALTAKE" Source="Project_IDEALTAKE\Parametres.resx" Description="Fichier correctement sauvegardé en tant que G:\PROJET IDEALTAKE 2011\Backup\Project_IDEALTAKE\Parametres.resx">
</Event><Event ErrorLevel="0" Project="IDEALTAKE" Source="Project_IDEALTAKE\Question_Box.resx" Description="Fichier correctement sauvegardé en tant que G:\PROJET IDEALTAKE 2011\Backup\Project_IDEALTAKE\Question_Box.resx">
</Event><Event ErrorLevel="0" Project="IDEALTAKE" Source="Project_IDEALTAKE\Attente_Chargement.resx" Description="Fichier correctement sauvegardé en tant que G:\PROJET IDEALTAKE 2011\Backup\Project_IDEALTAKE\Attente_Chargement.resx">
</Event><Event ErrorLevel="0" Project="IDEALTAKE" Source="Project_IDEALTAKE\Test_SAPI5.resx" Description="Fichier correctement sauvegardé en tant que G:\PROJET IDEALTAKE 2011\Backup\Project_IDEALTAKE\Test_SAPI5.resx">
</Event><Event ErrorLevel="0" Project="IDEALTAKE" Source="Project_IDEALTAKE\UserControl1.resx" Description="Fichier correctement sauvegardé en tant que G:\PROJET IDEALTAKE 2011\Backup\Project_IDEALTAKE\UserControl1.resx">
</Event><Event ErrorLevel="0" Project="IDEALTAKE" Source="Project_IDEALTAKE\My Project\app.manifest" Description="Fichier correctement sauvegardé en tant que G:\PROJET IDEALTAKE 2011\Backup\Project_IDEALTAKE\My Project\app.manifest">
</Event><Event ErrorLevel="0" Project="IDEALTAKE" Source="Project_IDEALTAKE\IDEALTAKE.vbproj" Description="Projet correctement converti">
</Event><Event ErrorLevel="3" Project="IDEALTAKE" Source="Project_IDEALTAKE\IDEALTAKE.vbproj" Description="Converted">
</Event><Event ErrorLevel="0" Project="" Source="Project_IDEALTAKE.sln" Description="Solution correctement convertie">
</Event><Event ErrorLevel="3" Project="" Source="Project_IDEALTAKE.sln" Description="Converted">
</Event><Event ErrorLevel="0" Project="IDEALTAKE" Source="Project_IDEALTAKE\IDEALTAKE.vbproj" Description="Analyse terminée : la mise à niveau n'est pas requise pour les fichiers projet.">
</Event></UpgradeLog>