<?xml version="1.0" encoding="UTF-8"?><?xml-stylesheet type='text/xsl' href='_UpgradeReport_Files/UpgradeReport.xslt'?><UpgradeLog>
<Properties><Property Name="Solution" Value="IDEALTAKE">
</Property><Property Name="Fichier solution" Value="G:\PROJET IDEALTAKE 2011\CLASS_IDEALTAKE\IDEALTAKE\IDEALTAKE\IDEALTAKE.sln">
</Property><Property Name="Fichier d'options utilisateur" Value="G:\PROJET IDEALTAKE 2011\CLASS_IDEALTAKE\IDEALTAKE\IDEALTAKE\IDEALTAKE.suo">
</Property><Property Name="Date" Value="vendredi 8 avril 2011">
</Property><Property Name="Time" Value="00:07">
</Property><Property Name="Numéro de journal" Value="2">
</Property></Properties><Event ErrorLevel="0" Project="" Source="IDEALTAKE.sln" Description="Fichier correctement sauvegardé en tant que G:\PROJET IDEALTAKE 2011\CLASS_IDEALTAKE\IDEALTAKE\IDEALTAKE\Backup\IDEALTAKE.sln">
</Event><Event ErrorLevel="0" Project="" Source="IDEALTAKE.suo" Description="Fichier correctement sauvegardé en tant que G:\PROJET IDEALTAKE 2011\CLASS_IDEALTAKE\IDEALTAKE\IDEALTAKE\Backup\IDEALTAKE.suo">
</Event><Event ErrorLevel="0" Project="CLASS_IDEALTAKE" Source="IDEALTAKE\CLASS_IDEALTAKE.vbproj" Description="Fichier projet correctement sauvegardé en tant que G:\PROJET IDEALTAKE 2011\CLASS_IDEALTAKE\IDEALTAKE\IDEALTAKE\Backup\IDEALTAKE\CLASS_IDEALTAKE.vbproj">
</Event><Event ErrorLevel="0" Project="CLASS_IDEALTAKE" Source="IDEALTAKE\CLASS_IDEALTAKE.vbproj.user" Description="Fichier utilisateur de projet correctement sauvegardé en tant que G:\PROJET IDEALTAKE 2011\CLASS_IDEALTAKE\IDEALTAKE\IDEALTAKE\Backup\IDEALTAKE\CLASS_IDEALTAKE.vbproj.user">
</Event><Event ErrorLevel="0" Project="CLASS_IDEALTAKE" Source="IDEALTAKE\My Project\AssemblyInfo.vb" Description="Fichier correctement sauvegardé en tant que G:\PROJET IDEALTAKE 2011\CLASS_IDEALTAKE\IDEALTAKE\IDEALTAKE\Backup\IDEALTAKE\My Project\AssemblyInfo.vb">
</Event><Event ErrorLevel="0" Project="CLASS_IDEALTAKE" Source="IDEALTAKE\My Project\Application.Designer.vb" Description="Fichier correctement sauvegardé en tant que G:\PROJET IDEALTAKE 2011\CLASS_IDEALTAKE\IDEALTAKE\IDEALTAKE\Backup\IDEALTAKE\My Project\Application.Designer.vb">
</Event><Event ErrorLevel="0" Project="CLASS_IDEALTAKE" Source="IDEALTAKE\My Project\Resources.Designer.vb" Description="Fichier correctement sauvegardé en tant que G:\PROJET IDEALTAKE 2011\CLASS_IDEALTAKE\IDEALTAKE\IDEALTAKE\Backup\IDEALTAKE\My Project\Resources.Designer.vb">
</Event><Event ErrorLevel="0" Project="CLASS_IDEALTAKE" Source="IDEALTAKE\My Project\Settings.Designer.vb" Description="Fichier correctement sauvegardé en tant que G:\PROJET IDEALTAKE 2011\CLASS_IDEALTAKE\IDEALTAKE\IDEALTAKE\Backup\IDEALTAKE\My Project\Settings.Designer.vb">
</Event><Event ErrorLevel="0" Project="CLASS_IDEALTAKE" Source="IDEALTAKE\Objects\categories\categories.vb" Description="Fichier correctement sauvegardé en tant que G:\PROJET IDEALTAKE 2011\CLASS_IDEALTAKE\IDEALTAKE\IDEALTAKE\Backup\IDEALTAKE\Objects\categories\categories.vb">
</Event><Event ErrorLevel="0" Project="CLASS_IDEALTAKE" Source="IDEALTAKE\Objects\Chrono_IDRef\Chrono_IDRef.vb" Description="Fichier correctement sauvegardé en tant que G:\PROJET IDEALTAKE 2011\CLASS_IDEALTAKE\IDEALTAKE\IDEALTAKE\Backup\IDEALTAKE\Objects\Chrono_IDRef\Chrono_IDRef.vb">
</Event><Event ErrorLevel="0" Project="CLASS_IDEALTAKE" Source="IDEALTAKE\Objects\constructeurs\constructeurs.vb" Description="Fichier correctement sauvegardé en tant que G:\PROJET IDEALTAKE 2011\CLASS_IDEALTAKE\IDEALTAKE\IDEALTAKE\Backup\IDEALTAKE\Objects\constructeurs\constructeurs.vb">
</Event><Event ErrorLevel="0" Project="CLASS_IDEALTAKE" Source="IDEALTAKE\Objects\documents\documents.vb" Description="Fichier correctement sauvegardé en tant que G:\PROJET IDEALTAKE 2011\CLASS_IDEALTAKE\IDEALTAKE\IDEALTAKE\Backup\IDEALTAKE\Objects\documents\documents.vb">
</Event><Event ErrorLevel="0" Project="CLASS_IDEALTAKE" Source="IDEALTAKE\Objects\Doc_URL\Doc_URL.vb" Description="Fichier correctement sauvegardé en tant que G:\PROJET IDEALTAKE 2011\CLASS_IDEALTAKE\IDEALTAKE\IDEALTAKE\Backup\IDEALTAKE\Objects\Doc_URL\Doc_URL.vb">
</Event><Event ErrorLevel="0" Project="CLASS_IDEALTAKE" Source="IDEALTAKE\Objects\Elements_HTML\Elements_HTML.vb" Description="Fichier correctement sauvegardé en tant que G:\PROJET IDEALTAKE 2011\CLASS_IDEALTAKE\IDEALTAKE\IDEALTAKE\Backup\IDEALTAKE\Objects\Elements_HTML\Elements_HTML.vb">
</Event><Event ErrorLevel="0" Project="CLASS_IDEALTAKE" Source="IDEALTAKE\Objects\Elements_Winform\Elements_Winform.vb" Description="Fichier correctement sauvegardé en tant que G:\PROJET IDEALTAKE 2011\CLASS_IDEALTAKE\IDEALTAKE\IDEALTAKE\Backup\IDEALTAKE\Objects\Elements_Winform\Elements_Winform.vb">
</Event><Event ErrorLevel="0" Project="CLASS_IDEALTAKE" Source="IDEALTAKE\Objects\enregistrement\enregistrement.vb" Description="Fichier correctement sauvegardé en tant que G:\PROJET IDEALTAKE 2011\CLASS_IDEALTAKE\IDEALTAKE\IDEALTAKE\Backup\IDEALTAKE\Objects\enregistrement\enregistrement.vb">
</Event><Event ErrorLevel="0" Project="CLASS_IDEALTAKE" Source="IDEALTAKE\Objects\HISTORY_EVENTS\HISTORY_EVENTS.vb" Description="Fichier correctement sauvegardé en tant que G:\PROJET IDEALTAKE 2011\CLASS_IDEALTAKE\IDEALTAKE\IDEALTAKE\Backup\IDEALTAKE\Objects\HISTORY_EVENTS\HISTORY_EVENTS.vb">
</Event><Event ErrorLevel="0" Project="CLASS_IDEALTAKE" Source="IDEALTAKE\Objects\messages_utilisateur\messages_utilisateur.vb" Description="Fichier correctement sauvegardé en tant que G:\PROJET IDEALTAKE 2011\CLASS_IDEALTAKE\IDEALTAKE\IDEALTAKE\Backup\IDEALTAKE\Objects\messages_utilisateur\messages_utilisateur.vb">
</Event><Event ErrorLevel="0" Project="CLASS_IDEALTAKE" Source="IDEALTAKE\Objects\Niveau_acces\niveau_acces.vb" Description="Fichier correctement sauvegardé en tant que G:\PROJET IDEALTAKE 2011\CLASS_IDEALTAKE\IDEALTAKE\IDEALTAKE\Backup\IDEALTAKE\Objects\Niveau_acces\niveau_acces.vb">
</Event><Event ErrorLevel="0" Project="CLASS_IDEALTAKE" Source="IDEALTAKE\Objects\PARAMETRE_B\PARAM_B.vb" Description="Fichier correctement sauvegardé en tant que G:\PROJET IDEALTAKE 2011\CLASS_IDEALTAKE\IDEALTAKE\IDEALTAKE\Backup\IDEALTAKE\Objects\PARAMETRE_B\PARAM_B.vb">
</Event><Event ErrorLevel="0" Project="CLASS_IDEALTAKE" Source="IDEALTAKE\Objects\PARAMETRE_C\PARAM_C.vb" Description="Fichier correctement sauvegardé en tant que G:\PROJET IDEALTAKE 2011\CLASS_IDEALTAKE\IDEALTAKE\IDEALTAKE\Backup\IDEALTAKE\Objects\PARAMETRE_C\PARAM_C.vb">
</Event><Event ErrorLevel="0" Project="CLASS_IDEALTAKE" Source="IDEALTAKE\Objects\PARAMETRE_A\PARAM_A.vb" Description="Fichier correctement sauvegardé en tant que G:\PROJET IDEALTAKE 2011\CLASS_IDEALTAKE\IDEALTAKE\IDEALTAKE\Backup\IDEALTAKE\Objects\PARAMETRE_A\PARAM_A.vb">
</Event><Event ErrorLevel="0" Project="CLASS_IDEALTAKE" Source="IDEALTAKE\Objects\PARAMETRE_D\PARAM_D.vb" Description="Fichier correctement sauvegardé en tant que G:\PROJET IDEALTAKE 2011\CLASS_IDEALTAKE\IDEALTAKE\IDEALTAKE\Backup\IDEALTAKE\Objects\PARAMETRE_D\PARAM_D.vb">
</Event><Event ErrorLevel="0" Project="CLASS_IDEALTAKE" Source="IDEALTAKE\Objects\PARAMETRE_E\PARAM_E.vb" Description="Fichier correctement sauvegardé en tant que G:\PROJET IDEALTAKE 2011\CLASS_IDEALTAKE\IDEALTAKE\IDEALTAKE\Backup\IDEALTAKE\Objects\PARAMETRE_E\PARAM_E.vb">
</Event><Event ErrorLevel="0" Project="CLASS_IDEALTAKE" Source="IDEALTAKE\Objects\Questions\Questions.vb" Description="Fichier correctement sauvegardé en tant que G:\PROJET IDEALTAKE 2011\CLASS_IDEALTAKE\IDEALTAKE\IDEALTAKE\Backup\IDEALTAKE\Objects\Questions\Questions.vb">
</Event><Event ErrorLevel="0" Project="CLASS_IDEALTAKE" Source="IDEALTAKE\Objects\racine-1\racine-1.vb" Description="Fichier correctement sauvegardé en tant que G:\PROJET IDEALTAKE 2011\CLASS_IDEALTAKE\IDEALTAKE\IDEALTAKE\Backup\IDEALTAKE\Objects\racine-1\racine-1.vb">
</Event><Event ErrorLevel="0" Project="CLASS_IDEALTAKE" Source="IDEALTAKE\Objects\racine-2\racine-2.vb" Description="Fichier correctement sauvegardé en tant que G:\PROJET IDEALTAKE 2011\CLASS_IDEALTAKE\IDEALTAKE\IDEALTAKE\Backup\IDEALTAKE\Objects\racine-2\racine-2.vb">
</Event><Event ErrorLevel="0" Project="CLASS_IDEALTAKE" Source="IDEALTAKE\Objects\racine-3\racine-3.vb" Description="Fichier correctement sauvegardé en tant que G:\PROJET IDEALTAKE 2011\CLASS_IDEALTAKE\IDEALTAKE\IDEALTAKE\Backup\IDEALTAKE\Objects\racine-3\racine-3.vb">
</Event><Event ErrorLevel="0" Project="CLASS_IDEALTAKE" Source="IDEALTAKE\Objects\racine-4\racine-4.vb" Description="Fichier correctement sauvegardé en tant que G:\PROJET IDEALTAKE 2011\CLASS_IDEALTAKE\IDEALTAKE\IDEALTAKE\Backup\IDEALTAKE\Objects\racine-4\racine-4.vb">
</Event><Event ErrorLevel="0" Project="CLASS_IDEALTAKE" Source="IDEALTAKE\Objects\racine-5\racine-5.vb" Description="Fichier correctement sauvegardé en tant que G:\PROJET IDEALTAKE 2011\CLASS_IDEALTAKE\IDEALTAKE\IDEALTAKE\Backup\IDEALTAKE\Objects\racine-5\racine-5.vb">
</Event><Event ErrorLevel="0" Project="CLASS_IDEALTAKE" Source="IDEALTAKE\Objects\racine-6\racine-6.vb" Description="Fichier correctement sauvegardé en tant que G:\PROJET IDEALTAKE 2011\CLASS_IDEALTAKE\IDEALTAKE\IDEALTAKE\Backup\IDEALTAKE\Objects\racine-6\racine-6.vb">
</Event><Event ErrorLevel="0" Project="CLASS_IDEALTAKE" Source="IDEALTAKE\Objects\racine-7\racine-7.vb" Description="Fichier correctement sauvegardé en tant que G:\PROJET IDEALTAKE 2011\CLASS_IDEALTAKE\IDEALTAKE\IDEALTAKE\Backup\IDEALTAKE\Objects\racine-7\racine-7.vb">
</Event><Event ErrorLevel="0" Project="CLASS_IDEALTAKE" Source="IDEALTAKE\Objects\racine-8\racine-8.vb" Description="Fichier correctement sauvegardé en tant que G:\PROJET IDEALTAKE 2011\CLASS_IDEALTAKE\IDEALTAKE\IDEALTAKE\Backup\IDEALTAKE\Objects\racine-8\racine-8.vb">
</Event><Event ErrorLevel="0" Project="CLASS_IDEALTAKE" Source="IDEALTAKE\Objects\racine-9\racine-9.vb" Description="Fichier correctement sauvegardé en tant que G:\PROJET IDEALTAKE 2011\CLASS_IDEALTAKE\IDEALTAKE\IDEALTAKE\Backup\IDEALTAKE\Objects\racine-9\racine-9.vb">
</Event><Event ErrorLevel="0" Project="CLASS_IDEALTAKE" Source="IDEALTAKE\Objects\racine_zero\racine_zero.vb" Description="Fichier correctement sauvegardé en tant que G:\PROJET IDEALTAKE 2011\CLASS_IDEALTAKE\IDEALTAKE\IDEALTAKE\Backup\IDEALTAKE\Objects\racine_zero\racine_zero.vb">
</Event><Event ErrorLevel="0" Project="CLASS_IDEALTAKE" Source="IDEALTAKE\Objects\ref_constructeurs\ref_constructeurs.vb" Description="Fichier correctement sauvegardé en tant que G:\PROJET IDEALTAKE 2011\CLASS_IDEALTAKE\IDEALTAKE\IDEALTAKE\Backup\IDEALTAKE\Objects\ref_constructeurs\ref_constructeurs.vb">
</Event><Event ErrorLevel="0" Project="CLASS_IDEALTAKE" Source="IDEALTAKE\Objects\types_documents\types_documents.vb" Description="Fichier correctement sauvegardé en tant que G:\PROJET IDEALTAKE 2011\CLASS_IDEALTAKE\IDEALTAKE\IDEALTAKE\Backup\IDEALTAKE\Objects\types_documents\types_documents.vb">
</Event><Event ErrorLevel="0" Project="CLASS_IDEALTAKE" Source="IDEALTAKE\Objects\Users\Users.vb" Description="Fichier correctement sauvegardé en tant que G:\PROJET IDEALTAKE 2011\CLASS_IDEALTAKE\IDEALTAKE\IDEALTAKE\Backup\IDEALTAKE\Objects\Users\Users.vb">
</Event><Event ErrorLevel="0" Project="CLASS_IDEALTAKE" Source="IDEALTAKE\Objects\Version\version.vb" Description="Fichier correctement sauvegardé en tant que G:\PROJET IDEALTAKE 2011\CLASS_IDEALTAKE\IDEALTAKE\IDEALTAKE\Backup\IDEALTAKE\Objects\Version\version.vb">
</Event><Event ErrorLevel="0" Project="CLASS_IDEALTAKE" Source="IDEALTAKE\Settings.vb" Description="Fichier correctement sauvegardé en tant que G:\PROJET IDEALTAKE 2011\CLASS_IDEALTAKE\IDEALTAKE\IDEALTAKE\Backup\IDEALTAKE\Settings.vb">
</Event><Event ErrorLevel="0" Project="CLASS_IDEALTAKE" Source="IDEALTAKE\ClassDiagram1.cd" Description="Fichier correctement sauvegardé en tant que G:\PROJET IDEALTAKE 2011\CLASS_IDEALTAKE\IDEALTAKE\IDEALTAKE\Backup\IDEALTAKE\ClassDiagram1.cd">
</Event><Event ErrorLevel="0" Project="CLASS_IDEALTAKE" Source="IDEALTAKE\ClassDiagram2.cd" Description="Fichier correctement sauvegardé en tant que G:\PROJET IDEALTAKE 2011\CLASS_IDEALTAKE\IDEALTAKE\IDEALTAKE\Backup\IDEALTAKE\ClassDiagram2.cd">
</Event><Event ErrorLevel="0" Project="CLASS_IDEALTAKE" Source="IDEALTAKE\My Project\Application.myapp" Description="Fichier correctement sauvegardé en tant que G:\PROJET IDEALTAKE 2011\CLASS_IDEALTAKE\IDEALTAKE\IDEALTAKE\Backup\IDEALTAKE\My Project\Application.myapp">
</Event><Event ErrorLevel="0" Project="CLASS_IDEALTAKE" Source="IDEALTAKE\My Project\Settings.settings" Description="Fichier correctement sauvegardé en tant que G:\PROJET IDEALTAKE 2011\CLASS_IDEALTAKE\IDEALTAKE\IDEALTAKE\Backup\IDEALTAKE\My Project\Settings.settings">
</Event><Event ErrorLevel="0" Project="CLASS_IDEALTAKE" Source="IDEALTAKE\My Project\Resources.resx" Description="Fichier correctement sauvegardé en tant que G:\PROJET IDEALTAKE 2011\CLASS_IDEALTAKE\IDEALTAKE\IDEALTAKE\Backup\IDEALTAKE\My Project\Resources.resx">
</Event><Event ErrorLevel="1" Project="CLASS_IDEALTAKE" Source="IDEALTAKE\CLASS_IDEALTAKE.vbproj" Description="Votre projet cible le .NET Framework 2.0 ou 3.0. Si votre projet utilise des assemblys qui requièrent une version plus récente du .NET Framework, votre projet ne sera pas généré. Vous pouvez modifier la version du .NET Framework en cliquant sur Propriétés dans le menu du projet et en sélectionnant une autre version dans la liste déroulante '.NET Framework'. (Dans Visual Basic, cliquez sur le bouton Paramètres avancés du compilateur sous l'onglet Compiler.)">
</Event><Event ErrorLevel="0" Project="CLASS_IDEALTAKE" Source="IDEALTAKE\CLASS_IDEALTAKE.vbproj" Description="Projet correctement converti">
</Event><Event ErrorLevel="3" Project="CLASS_IDEALTAKE" Source="IDEALTAKE\CLASS_IDEALTAKE.vbproj" Description="Converted">
</Event><Event ErrorLevel="0" Project="" Source="IDEALTAKE.sln" Description="Solution correctement convertie">
</Event><Event ErrorLevel="3" Project="" Source="IDEALTAKE.sln" Description="Converted">
</Event><Event ErrorLevel="0" Project="CLASS_IDEALTAKE" Source="IDEALTAKE\CLASS_IDEALTAKE.vbproj" Description="Analyse terminée : la mise à niveau n'est pas requise pour les fichiers projet.">
</Event></UpgradeLog>