<?xml version="1.0" encoding="UTF-8"?><?xml-stylesheet type='text/xsl' href='_UpgradeReport_Files/UpgradeReport.xslt'?><UpgradeLog>
<Properties><Property Name="Solution" Value="IDEALTAKE">
</Property><Property Name="Fichier solution" Value="G:\PROJET IDEALTAKE\CLASS_IDEALTAKE\IDEALTAKE\IDEALTAKE\IDEALTAKE.sln">
</Property><Property Name="Fichier d'options utilisateur" Value="G:\PROJET IDEALTAKE\CLASS_IDEALTAKE\IDEALTAKE\IDEALTAKE\IDEALTAKE.suo">
</Property><Property Name="Date" Value="dimanche 27 avril 2008">
</Property><Property Name="Time" Value="22:17">
</Property></Properties><Event ErrorLevel="0" Project="" Source="IDEALTAKE.sln" Description="Fichier correctement sauvegardé en tant que G:\PROJET IDEALTAKE\CLASS_IDEALTAKE\IDEALTAKE\IDEALTAKE_SAUVEGARDE_AVANT_VS2008\Backup\IDEALTAKE.sln">
</Event><Event ErrorLevel="0" Project="" Source="IDEALTAKE.suo" Description="Fichier correctement sauvegardé en tant que G:\PROJET IDEALTAKE\CLASS_IDEALTAKE\IDEALTAKE\IDEALTAKE_SAUVEGARDE_AVANT_VS2008\Backup\IDEALTAKE.suo">
</Event><Event ErrorLevel="0" Project="CLASS_IDEALTAKE" Source="IDEALTAKE\CLASS_IDEALTAKE.vbproj" Description="Fichier projet correctement sauvegardé en tant que G:\PROJET IDEALTAKE\CLASS_IDEALTAKE\IDEALTAKE\IDEALTAKE_SAUVEGARDE_AVANT_VS2008\Backup\IDEALTAKE\CLASS_IDEALTAKE.vbproj">
</Event><Event ErrorLevel="0" Project="CLASS_IDEALTAKE" Source="IDEALTAKE\CLASS_IDEALTAKE.vbproj.user" Description="Fichier utilisateur de projet correctement sauvegardé en tant que G:\PROJET IDEALTAKE\CLASS_IDEALTAKE\IDEALTAKE\IDEALTAKE_SAUVEGARDE_AVANT_VS2008\Backup\IDEALTAKE\CLASS_IDEALTAKE.vbproj.user">
</Event><Event ErrorLevel="0" Project="CLASS_IDEALTAKE" Source="IDEALTAKE\My Project\AssemblyInfo.vb" Description="Fichier correctement sauvegardé en tant que G:\PROJET IDEALTAKE\CLASS_IDEALTAKE\IDEALTAKE\IDEALTAKE_SAUVEGARDE_AVANT_VS2008\Backup\IDEALTAKE\My Project\AssemblyInfo.vb">
</Event><Event ErrorLevel="0" Project="CLASS_IDEALTAKE" Source="IDEALTAKE\My Project\Application.Designer.vb" Description="Fichier correctement sauvegardé en tant que G:\PROJET IDEALTAKE\CLASS_IDEALTAKE\IDEALTAKE\IDEALTAKE_SAUVEGARDE_AVANT_VS2008\Backup\IDEALTAKE\My Project\Application.Designer.vb">
</Event><Event ErrorLevel="0" Project="CLASS_IDEALTAKE" Source="IDEALTAKE\My Project\Resources.Designer.vb" Description="Fichier correctement sauvegardé en tant que G:\PROJET IDEALTAKE\CLASS_IDEALTAKE\IDEALTAKE\IDEALTAKE_SAUVEGARDE_AVANT_VS2008\Backup\IDEALTAKE\My Project\Resources.Designer.vb">
</Event><Event ErrorLevel="0" Project="CLASS_IDEALTAKE" Source="IDEALTAKE\My Project\Settings.Designer.vb" Description="Fichier correctement sauvegardé en tant que G:\PROJET IDEALTAKE\CLASS_IDEALTAKE\IDEALTAKE\IDEALTAKE_SAUVEGARDE_AVANT_VS2008\Backup\IDEALTAKE\My Project\Settings.Designer.vb">
</Event><Event ErrorLevel="0" Project="CLASS_IDEALTAKE" Source="IDEALTAKE\Objects\categories\categories.vb" Description="Fichier correctement sauvegardé en tant que G:\PROJET IDEALTAKE\CLASS_IDEALTAKE\IDEALTAKE\IDEALTAKE_SAUVEGARDE_AVANT_VS2008\Backup\IDEALTAKE\Objects\categories\categories.vb">
</Event><Event ErrorLevel="0" Project="CLASS_IDEALTAKE" Source="IDEALTAKE\Objects\Chrono_IDRef\Chrono_IDRef.vb" Description="Fichier correctement sauvegardé en tant que G:\PROJET IDEALTAKE\CLASS_IDEALTAKE\IDEALTAKE\IDEALTAKE_SAUVEGARDE_AVANT_VS2008\Backup\IDEALTAKE\Objects\Chrono_IDRef\Chrono_IDRef.vb">
</Event><Event ErrorLevel="0" Project="CLASS_IDEALTAKE" Source="IDEALTAKE\Objects\constructeurs\constructeurs.vb" Description="Fichier correctement sauvegardé en tant que G:\PROJET IDEALTAKE\CLASS_IDEALTAKE\IDEALTAKE\IDEALTAKE_SAUVEGARDE_AVANT_VS2008\Backup\IDEALTAKE\Objects\constructeurs\constructeurs.vb">
</Event><Event ErrorLevel="0" Project="CLASS_IDEALTAKE" Source="IDEALTAKE\Objects\documents\documents.vb" Description="Fichier correctement sauvegardé en tant que G:\PROJET IDEALTAKE\CLASS_IDEALTAKE\IDEALTAKE\IDEALTAKE_SAUVEGARDE_AVANT_VS2008\Backup\IDEALTAKE\Objects\documents\documents.vb">
</Event><Event ErrorLevel="0" Project="CLASS_IDEALTAKE" Source="IDEALTAKE\Objects\Doc_URL\Doc_URL.vb" Description="Fichier correctement sauvegardé en tant que G:\PROJET IDEALTAKE\CLASS_IDEALTAKE\IDEALTAKE\IDEALTAKE_SAUVEGARDE_AVANT_VS2008\Backup\IDEALTAKE\Objects\Doc_URL\Doc_URL.vb">
</Event><Event ErrorLevel="0" Project="CLASS_IDEALTAKE" Source="IDEALTAKE\Objects\Elements_Winform\Elements_Winform.vb" Description="Fichier correctement sauvegardé en tant que G:\PROJET IDEALTAKE\CLASS_IDEALTAKE\IDEALTAKE\IDEALTAKE_SAUVEGARDE_AVANT_VS2008\Backup\IDEALTAKE\Objects\Elements_Winform\Elements_Winform.vb">
</Event><Event ErrorLevel="0" Project="CLASS_IDEALTAKE" Source="IDEALTAKE\Objects\enregistrement\enregistrement.vb" Description="Fichier correctement sauvegardé en tant que G:\PROJET IDEALTAKE\CLASS_IDEALTAKE\IDEALTAKE\IDEALTAKE_SAUVEGARDE_AVANT_VS2008\Backup\IDEALTAKE\Objects\enregistrement\enregistrement.vb">
</Event><Event ErrorLevel="0" Project="CLASS_IDEALTAKE" Source="IDEALTAKE\Objects\Niveau_acces\niveau_acces.vb" Description="Fichier correctement sauvegardé en tant que G:\PROJET IDEALTAKE\CLASS_IDEALTAKE\IDEALTAKE\IDEALTAKE_SAUVEGARDE_AVANT_VS2008\Backup\IDEALTAKE\Objects\Niveau_acces\niveau_acces.vb">
</Event><Event ErrorLevel="0" Project="CLASS_IDEALTAKE" Source="IDEALTAKE\Objects\PARAMETRE_B\PARAM_B.vb" Description="Fichier correctement sauvegardé en tant que G:\PROJET IDEALTAKE\CLASS_IDEALTAKE\IDEALTAKE\IDEALTAKE_SAUVEGARDE_AVANT_VS2008\Backup\IDEALTAKE\Objects\PARAMETRE_B\PARAM_B.vb">
</Event><Event ErrorLevel="0" Project="CLASS_IDEALTAKE" Source="IDEALTAKE\Objects\PARAMETRE_C\PARAM_C.vb" Description="Fichier correctement sauvegardé en tant que G:\PROJET IDEALTAKE\CLASS_IDEALTAKE\IDEALTAKE\IDEALTAKE_SAUVEGARDE_AVANT_VS2008\Backup\IDEALTAKE\Objects\PARAMETRE_C\PARAM_C.vb">
</Event><Event ErrorLevel="0" Project="CLASS_IDEALTAKE" Source="IDEALTAKE\Objects\PARAMETRE_A\PARAM_A.vb" Description="Fichier correctement sauvegardé en tant que G:\PROJET IDEALTAKE\CLASS_IDEALTAKE\IDEALTAKE\IDEALTAKE_SAUVEGARDE_AVANT_VS2008\Backup\IDEALTAKE\Objects\PARAMETRE_A\PARAM_A.vb">
</Event><Event ErrorLevel="0" Project="CLASS_IDEALTAKE" Source="IDEALTAKE\Objects\ref_constructeurs\ref_constructeurs.vb" Description="Fichier correctement sauvegardé en tant que G:\PROJET IDEALTAKE\CLASS_IDEALTAKE\IDEALTAKE\IDEALTAKE_SAUVEGARDE_AVANT_VS2008\Backup\IDEALTAKE\Objects\ref_constructeurs\ref_constructeurs.vb">
</Event><Event ErrorLevel="0" Project="CLASS_IDEALTAKE" Source="IDEALTAKE\Objects\types_documents\types_documents.vb" Description="Fichier correctement sauvegardé en tant que G:\PROJET IDEALTAKE\CLASS_IDEALTAKE\IDEALTAKE\IDEALTAKE_SAUVEGARDE_AVANT_VS2008\Backup\IDEALTAKE\Objects\types_documents\types_documents.vb">
</Event><Event ErrorLevel="0" Project="CLASS_IDEALTAKE" Source="IDEALTAKE\Settings.vb" Description="Fichier correctement sauvegardé en tant que G:\PROJET IDEALTAKE\CLASS_IDEALTAKE\IDEALTAKE\IDEALTAKE_SAUVEGARDE_AVANT_VS2008\Backup\IDEALTAKE\Settings.vb">
</Event><Event ErrorLevel="0" Project="CLASS_IDEALTAKE" Source="IDEALTAKE\ClassDiagram1.cd" Description="Fichier correctement sauvegardé en tant que G:\PROJET IDEALTAKE\CLASS_IDEALTAKE\IDEALTAKE\IDEALTAKE_SAUVEGARDE_AVANT_VS2008\Backup\IDEALTAKE\ClassDiagram1.cd">
</Event><Event ErrorLevel="0" Project="CLASS_IDEALTAKE" Source="IDEALTAKE\My Project\Application.myapp" Description="Fichier correctement sauvegardé en tant que G:\PROJET IDEALTAKE\CLASS_IDEALTAKE\IDEALTAKE\IDEALTAKE_SAUVEGARDE_AVANT_VS2008\Backup\IDEALTAKE\My Project\Application.myapp">
</Event><Event ErrorLevel="0" Project="CLASS_IDEALTAKE" Source="IDEALTAKE\My Project\Settings.settings" Description="Fichier correctement sauvegardé en tant que G:\PROJET IDEALTAKE\CLASS_IDEALTAKE\IDEALTAKE\IDEALTAKE_SAUVEGARDE_AVANT_VS2008\Backup\IDEALTAKE\My Project\Settings.settings">
</Event><Event ErrorLevel="0" Project="CLASS_IDEALTAKE" Source="IDEALTAKE\My Project\Resources.resx" Description="Fichier correctement sauvegardé en tant que G:\PROJET IDEALTAKE\CLASS_IDEALTAKE\IDEALTAKE\IDEALTAKE_SAUVEGARDE_AVANT_VS2008\Backup\IDEALTAKE\My Project\Resources.resx">
</Event><Event ErrorLevel="0" Project="CLASS_IDEALTAKE" Source="IDEALTAKE\CLASS_IDEALTAKE.vbproj" Description="Projet correctement converti">
</Event><Event ErrorLevel="3" Project="CLASS_IDEALTAKE" Source="IDEALTAKE\CLASS_IDEALTAKE.vbproj" Description="Converted">
</Event><Event ErrorLevel="0" Project="" Source="IDEALTAKE.sln" Description="Solution correctement convertie">
</Event><Event ErrorLevel="3" Project="" Source="IDEALTAKE.sln" Description="Converted">
</Event><Event ErrorLevel="0" Project="CLASS_IDEALTAKE" Source="IDEALTAKE\CLASS_IDEALTAKE.vbproj" Description="Analyse terminée : la mise à niveau n'est pas requise pour les fichiers projet.">
</Event></UpgradeLog>